-- phpMyAdmin SQL Dump
-- version 5.0.2
-- https://www.phpmyadmin.net/
--
-- Host: 127.0.0.1
-- Generation Time: Nov 11, 2020 at 02:18 PM
-- Server version: 10.4.13-MariaDB
-- PHP Version: 7.4.8

SET SQL_MODE = "NO_AUTO_VALUE_ON_ZERO";
START TRANSACTION;
SET time_zone = "+00:00";


/*!40101 SET @OLD_CHARACTER_SET_CLIENT=@@CHARACTER_SET_CLIENT */;
/*!40101 SET @OLD_CHARACTER_SET_RESULTS=@@CHARACTER_SET_RESULTS */;
/*!40101 SET @OLD_COLLATION_CONNECTION=@@COLLATION_CONNECTION */;
/*!40101 SET NAMES utf8mb4 */;

--
-- Database: `bookfaire`
--

-- --------------------------------------------------------

--
-- Table structure for table `authors`
--

CREATE TABLE `authors` (
  `id` bigint(20) UNSIGNED NOT NULL,
  `name` varchar(100) COLLATE utf8mb4_unicode_ci NOT NULL,
  `bio` text COLLATE utf8mb4_unicode_ci NOT NULL,
  `image` varchar(255) COLLATE utf8mb4_unicode_ci NOT NULL,
  `created_at` timestamp NULL DEFAULT NULL,
  `updated_at` timestamp NULL DEFAULT NULL
) ENGINE=InnoDB DEFAULT CHARSET=utf8mb4 COLLATE=utf8mb4_unicode_ci;

--
-- Dumping data for table `authors`
--

INSERT INTO `authors` (`id`, `name`, `bio`, `image`, `created_at`, `updated_at`) VALUES
(1, 'محمد حجازى', 'هناك حقيقة مثبتة منذ زمن طويل وهي أن المحتوى المقروء لصفحة ما سيلهي القارئ عن التركيز على الشكل الخارجي للنص أو شكل توضع الفقرات في الصفحة التي يقرأها. ولذلك يتم استخدام طريقة لوريم إيبسوم لأنها تعطي توزيعاَ طبيعياَ -إلى حد ما- للأحرف عوضاً عن استخدام \"هنا يوجد محتوى نصي، هنا يوجد محتوى نصي\" فتجعلها تبدو (أي الأحرف) وكأنها نص مقروء. العديد من برامح النشر المكتبي وبرامح تحرير صفحات الويب تستخدم لوريم إيبسوم بشكل إفتراضي كنموذج عن النص، وإذا قمت بإدخال \"lorem ipsum\" في أي محرك بحث ستظهر العديد من المواقع الحديثة العهد في نتائج البحث. على مدى السنين ظهرت نسخ جديدة ومختلفة من نص لوريم إيبسوم، أحياناً عن طريق الصدفة، وأحياناً عن عمد كإدخال بعض العبارات الفكاهية إليها.', 'uploads/authors/1605024344download (2).jpg', '2020-07-27 14:02:07', '2020-11-10 14:05:44'),
(2, 'محمد محسن', 'هناك حقيقة مثبتة منذ زمن طويل وهي أن المحتوى المقروء لصفحة ما سيلهي القارئ عن التركيز على الشكل الخارجي للنص أو شكل توضع الفقرات في الصفحة التي يقرأها. ولذلك يتم استخدام طريقة لوريم إيبسوم لأنها تعطي توزيعاَ طبيعياَ -إلى حد ما- للأحرف عوضاً عن استخدام \"هنا يوجد محتوى نصي، هنا يوجد محتوى نصي\" فتجعلها تبدو (أي الأحرف) وكأنها نص مقروء. العديد من برامح النشر المكتبي وبرامح تحرير صفحات الويب تستخدم لوريم إيبسوم بشكل إفتراضي كنموذج عن النص، وإذا قمت بإدخال \"lorem ipsum\" في أي محرك بحث ستظهر العديد من المواقع الحديثة العهد في نتائج البحث. على مدى السنين ظهرت نسخ جديدة ومختلفة من نص لوريم إيبسوم، أحياناً عن طريق الصدفة، وأحياناً عن عمد كإدخال بعض العبارات الفكاهية إليها.', 'uploads/authors/1595865751download (1).jpg', '2020-07-27 14:02:32', '2020-07-27 14:02:32'),
(3, 'احمد نجاتى', 'هناك حقيقة مثبتة منذ زمن طويل وهي أن المحتوى المقروء لصفحة ما سيلهي القارئ عن التركيز على الشكل الخارجي للنص أو شكل توضع الفقرات في الصفحة التي يقرأها. ولذلك يتم استخدام طريقة لوريم إيبسوم لأنها تعطي توزيعاَ طبيعياَ -إلى حد ما- للأحرف عوضاً عن استخدام \"هنا يوجد محتوى نصي، هنا يوجد محتوى نصي\" فتجعلها تبدو (أي الأحرف) وكأنها نص مقروء. العديد من برامح النشر المكتبي وبرامح تحرير صفحات الويب تستخدم لوريم إيبسوم بشكل إفتراضي كنموذج عن النص، وإذا قمت بإدخال \"lorem ipsum\" في أي محرك بحث ستظهر العديد من المواقع الحديثة العهد في نتائج البحث. على مدى السنين ظهرت نسخ جديدة ومختلفة من نص لوريم إيبسوم، أحياناً عن طريق الصدفة، وأحياناً عن عمد كإدخال بعض العبارات الفكاهية إليها.', 'uploads/authors/1595865772download.jpg', '2020-07-27 14:02:52', '2020-07-27 14:02:52'),
(4, 'سعيد صالح', 'لوريم إيبسوم(Lorem Ipsum) هو ببساطة نص شكلي (بمعنى أن الغاية هي الشكل وليس المحتوى) ويُستخدم في صناعات المطابع ودور النشر. كان لوريم إيبسوم ولايزال المعيار للنص \r\nالشكلي منذ القرن الخامس عشر عندما قامت مطبعة مجهولة برص مجموعة من الأحرف بشكل عشوائي أخذتها من نص، لتكوّن كتيّب بمثابة دليل أو مرجع شكلي لهذه الأحرف.\r\n خمسة قرون من الزمن لم تقضي على هذا النص، بل انه حتى صار مستخدماً وبشكله الأصلي في الطباعة والتنضيد الإلكتروني. انتشر بشكل كبير في ستينيّات هذا القرن مع إصدار رقائق \"ليتراسيت\" \r\n(Letraset) البلاستيكية تحوي مقاطع من هذا النص، وعاد لينتشر مرة أخرى مؤخراَ مع ظهور برامج النشر الإلكتروني مثل \"ألدوس بايج مايكر\" (Aldus PageMaker) والتي حو\r\nت أيضاً على نسخ من نص لوريم إيبسوم.', 'uploads/authors/1595952301images (1).jpg', '2020-07-28 14:05:01', '2020-07-28 14:05:01'),
(5, 'عصام حجى', 'تحميل تصميم قاعدة بيانات - تنزيل تصميم قاعدة بيانات - منتدي العرب. ... سلسلة تعليمية كيفية انشاء موقع الكتروني على الانترنيت قاعدة البيانات MySQL. download ... تصميم قاعدة بيانات برنامج المبيعات والمخازن تصميم جدول الاعدادات العامة POS.', 'uploads/authors/1596781952images (2).jpg', '2020-08-07 04:32:32', '2020-08-07 04:32:32'),
(6, 'احمد عبد العال', 'تحميل تصميم قاعدة بيانات - تنزيل تصميم قاعدة بيانات - منتدي العرب. ... سلسلة تعليمية كيفية انشاء موقع الكتروني على الانترنيت قاعدة البيانات MySQL. download ... تصميم قاعدة بيانات برنامج المبيعات والمخازن تصميم جدول الاعدادات العامة POS.تحميل تصميم قاعدة بيانات - تنزيل تصميم قاعدة بيانات - منتدي العرب. ... سلسلة تعليمية كيفية انشاء موقع الكتروني على الانترنيت قاعدة البيانات MySQL. download ... تصميم قاعدة بيانات برنامج المبيعات والمخازن تصميم جدول الاعدادات العامة POS.', 'uploads/authors/1596781976images.jpg', '2020-08-07 04:32:56', '2020-08-07 04:32:56');

-- --------------------------------------------------------

--
-- Table structure for table `books`
--

CREATE TABLE `books` (
  `id` bigint(20) UNSIGNED NOT NULL,
  `name` varchar(100) COLLATE utf8mb4_unicode_ci NOT NULL,
  `desc` text COLLATE utf8mb4_unicode_ci NOT NULL,
  `image` varchar(100) COLLATE utf8mb4_unicode_ci DEFAULT NULL,
  `author_id` bigint(20) UNSIGNED NOT NULL,
  `created_at` timestamp NULL DEFAULT NULL,
  `updated_at` timestamp NULL DEFAULT NULL
) ENGINE=InnoDB DEFAULT CHARSET=utf8mb4 COLLATE=utf8mb4_unicode_ci;

--
-- Dumping data for table `books`
--

INSERT INTO `books` (`id`, `name`, `desc`, `image`, `author_id`, `created_at`, `updated_at`) VALUES
(1, 'القانون الدولى', 'هناك حقيقة مثبتة منذ زمن طويل وهي أن المحتوى المقروء لصفحة ما سيلهي القارئ عن التركيز على الشكل الخارجي للنص أو شكل توضع الفقرات في الصفحة التي يقرأها. ولذلك يتم استخدام طريقة لوريم إيبسوم لأنها تعطي توزيعاَ طبيعياَ -إلى حد ما- للأحرف عوضاً عن استخدام \"هنا يوجد محتوى نصي، هنا يوجد محتوى نصي\" فتجعلها تبدو (أي الأحرف) وكأنها نص مقروء. العديد من برامح النشر المكتبي وبرامح تحرير صفحات الويب تستخدم لوريم إيبسوم بشكل إفتراضي كنموذج عن النص، وإذا قمت بإدخال \"lorem ipsum\" في أي محرك بحث ستظهر العديد من المواقع الحديثة العهد في نتائج البحث. على مدى السنين ظهرت نسخ جديدة ومختلفة من نص لوريم إيبسوم، أحياناً عن طريق الصدفة، وأحياناً عن عمد كإدخال بعض العبارات الفكاهية إليها.', 'uploads/authors/1595865847images (2).jpg', 1, '2020-07-27 14:04:07', '2020-07-27 14:04:07'),
(2, 'شرح انجولار', 'هناك حقيقة مثبتة منذ زمن طويل وهي أن المحتوى المقروء لصفحة ما سيلهي القارئ عن التركيز على الشكل الخارجي للنص أو شكل توضع الفقرات في الصفحة التي يقرأها. ولذلك يتم استخدام طريقة لوريم إيبسوم لأنها تعطي توزيعاَ طبيعياَ -إلى حد ما- للأحرف عوضاً عن استخدام \"هنا يوجد محتوى نصي، هنا يوجد محتوى نصي\" فتجعلها تبدو (أي الأحرف) وكأنها نص مقروء. العديد من برامح النشر المكتبي وبرامح تحرير صفحات الويب تستخدم لوريم إيبسوم بشكل إفتراضي كنموذج عن النص، وإذا قمت بإدخال \"lorem ipsum\" في أي محرك بحث ستظهر العديد من المواقع الحديثة العهد في نتائج البحث. على مدى السنين ظهرت نسخ جديدة ومختلفة من نص لوريم إيبسوم، أحياناً عن طريق الصدفة، وأحياناً عن عمد كإدخال بعض العبارات الفكاهية إليها.', 'uploads/authors/1595865887images (7).jpg', 2, '2020-07-27 14:04:47', '2020-07-27 14:04:47'),
(3, 'ايام زمان', 'هناك حقيقة مثبتة منذ زمن طويل وهي أن المحتوى المقروء لصفحة ما سيلهي القارئ عن التركيز على الشكل الخارجي للنص أو شكل توضع الفقرات في الصفحة التي يقرأها. ولذلك يتم استخدام طريقة لوريم إيبسوم لأنها تعطي توزيعاَ طبيعياَ -إلى حد ما- للأحرف عوضاً عن استخدام \"هنا يوجد محتوى نصي، هنا يوجد محتوى نصي\" فتجعلها تبدو (أي الأحرف) وكأنها نص مقروء. العديد من برامح النشر المكتبي وبرامح تحرير صفحات الويب تستخدم لوريم إيبسوم بشكل إفتراضي كنموذج عن النص، وإذا قمت بإدخال \"lorem ipsum\" في أي محرك بحث ستظهر العديد من المواقع الحديثة العهد في نتائج البحث. على مدى السنين ظهرت نسخ جديدة ومختلفة من نص لوريم إيبسوم، أحياناً عن طريق الصدفة، وأحياناً عن عمد كإدخال بعض العبارات الفكاهية إليها.', 'uploads/authors/1595865978images.jpg', 3, '2020-07-27 14:06:18', '2020-07-27 14:06:18'),
(4, 'مؤلفات ابن الباز', 'لوريم إيبسوم(Lorem Ipsum) هو ببساطة نص شكلي (بمعنى أن الغاية هي الشكل وليس المحتوى) ويُستخدم في صناعات المطابع ودور النشر. كان لوريم إيبسوم ولايزال المعيار للنص \r\nالشكلي منذ القرن الخامس عشر عندما قامت مطبعة مجهولة برص مجموعة من الأحرف بشكل عشوائي أخذتها من نص، لتكوّن كتيّب بمثابة دليل أو مرجع شكلي لهذه الأحرف.\r\n خمسة قرون من الزمن لم تقضي على هذا النص، بل انه حتى صار مستخدماً وبشكله الأصلي في الطباعة والتنضيد الإلكتروني. انتشر بشكل كبير في ستينيّات هذا القرن مع إصدار رقائق \"ليتراسيت\" \r\n(Letraset) البلاستيكية تحوي مقاطع من هذا النص، وعاد لينتشر مرة أخرى مؤخراَ مع ظهور برامج النشر الإلكتروني مثل \"ألدوس بايج مايكر\" (Aldus PageMaker) والتي حو\r\nت أيضاً على نسخ من نص لوريم إيبسوم.', 'uploads/authors/1595952433images (3).jpg', 4, '2020-07-28 14:07:13', '2020-07-28 14:07:13'),
(5, 'space', 'تحميل تصميم قاعدة بيانات - تنزيل تصميم قاعدة بيانات - منتدي العرب. ... سلسلة تعليمية كيفية انشاء موقع الكتروني على الانترنيت قاعدة البيانات MySQL. download ... تصميم قاعدة بيانات برنامج المبيعات والمخازن تصميم جدول الاعدادات العامة POS.تحميل تصميم قاعدة بيانات - تنزيل تصميم قاعدة بيانات - منتدي العرب. ... سلسلة تعليمية كيفية انشاء موقع الكتروني على الانترنيت قاعدة البيانات MySQL. download ... تصميم قاعدة بيانات برنامج المبيعات والمخازن تصميم جدول الاعدادات العامة POS.', 'uploads/authors/1596782079images (5).jpg', 1, '2020-08-07 04:34:39', '2020-08-07 04:34:39'),
(6, 'red book', 'تحميل تصميم قاعدة بيانات - تنزيل تصميم قاعدة بيانات - منتدي العرب. ... سلسلة تعليمية كيفية انشاء موقع الكتروني على الانترنيت قاعدة البيانات MySQL. download ... تصميم قاعدة بيانات برنامج المبيعات والمخازن تصميم جدول الاعدادات العامة POS.تحميل تصميم قاعدة بيانات - تنزيل تصميم قاعدة بيانات - منتدي العرب. ... سلسلة تعليمية كيفية انشاء موقع الكتروني على الانترنيت قاعدة البيانات MySQL. download ... تصميم قاعدة بيانات برنامج المبيعات والمخازن تصميم جدول الاعدادات العامة POS.', 'uploads/authors/1596782112images (8).jpg', 2, '2020-08-07 04:35:12', '2020-08-07 04:35:12'),
(7, 'Wild Guide', 'لوريم إيبسوم(Lorem Ipsum) هو ببساطة نص شكلي (بمعنى أن الغاية هي الشكل وليس المحتوى) ويُستخدم في صناعات المطابع ودور النشر. كان لوريم إيبسوم ولايزال المعيار للنص الشكلي منذ القرن الخامس عشر عندما قامت مطبعة مجهولة برص مجموعة من الأحرف بشكل عشوائي أخذتها من نص، لتكوّن كتيّب بمثابة دليل أو مرجع شكلي لهذه الأحرف. خمسة قرون من الزمن لم تقضي على هذا النص، بل انه حتى صار مستخدماً وبشكله الأصلي في الطباعة والتنضيد الإلكتروني. انتشر بشكل كبير في ستينيّات هذا القرن مع إصدار رقائق \"ليتراسيت\" (Letraset) البلاستيكية تحوي مقاطع من هذا النص، وعاد لينتشر مرة أخرى مؤخراَ مع ظهور برامج النشر الإلكتروني مثل \"ألدوس بايج مايكر\" (Aldus PageMaker) والتي حوت أيضاً على نسخ من نص لوريم إيبسوم.', 'uploads/authors/1597132755images (1).jpg', 5, '2020-08-11 05:59:15', '2020-08-11 05:59:15'),
(8, 'bones', 'لوريم إيبسوم(Lorem Ipsum) هو ببساطة نص شكلي (بمعنى أن الغاية هي الشكل وليس المحتوى) ويُستخدم في صناعات المطابع ودور النشر. كان لوريم إيبسوم ولايزال المعيار للنص الشكلي منذ القرن الخامس عشر عندما قامت مطبعة مجهولة برص مجموعة من الأحرف بشكل عشوائي أخذتها من نص، لتكوّن كتيّب بمثابة دليل أو مرجع شكلي لهذه الأحرف. خمسة قرون من الزمن لم تقضي على هذا النص، بل انه حتى صار مستخدماً وبشكله الأصلي في الطباعة والتنضيد الإلكتروني. انتشر بشكل كبير في ستينيّات هذا القرن مع إصدار رقائق \"ليتراسيت\" (Letraset) البلاستيكية تحوي مقاطع من هذا النص، وعاد لينتشر مرة أخرى مؤخراَ مع ظهور برامج النشر الإلكتروني مثل \"ألدوس بايج مايكر\" (Aldus PageMaker) والتي حوت أيضاً على نسخ من نص لوريم إيبسوم.', 'uploads/authors/1597132785images (5).jpg', 6, '2020-08-11 05:59:45', '2020-08-11 05:59:45'),
(9, 'kali linx', 'خلافاَ للإعتقاد السائد فإن لوريم إيبسوم ليس نصاَ عشوائياً، بل إن له جذور في الأدب اللاتيني الكلاسيكي منذ العام 45 قبل الميلاد، مما يجعله أكثر من 2000 عام في القدم. قام البروفيسور \"ريتشارد ماك لينتوك\" (Richard McClintock) وهو بروفيسور اللغة اللاتينية في جامعة هامبدن-سيدني في فيرجينيا بالبحث عن أصول كلمة لاتينية غامضة في نص لوريم إيبسوم وهي \"consectetur\"، وخلال تتبعه لهذه الكلمة في الأدب اللاتيني اكتشف المصدر الغير قابل للشك. فلقد اتضح أن كلمات نص لوريم إيبسوم تأتي من الأقسام 1.10.32 و 1.10.33 من كتاب \"حول أقاصي الخير والشر\" (de Finibus Bonorum et Malorum) للمفكر شيشيرون (Cicero) والذي كتبه في عام 45 قبل الميلاد. هذا الكتاب هو بمثابة مقالة علمية مطولة في نظرية الأخلاق، وكان له شعبية كبيرة في عصر النهضة. السطر الأول من لوريم إيبسوم \"Lorem ipsum dolor sit amet..\" يأتي من سطر في القسم 1.20.32 من هذا الكتاب.', 'uploads/authors/1597135576images (4).jpg', 1, '2020-08-11 06:46:16', '2020-08-11 06:46:16'),
(10, 'الصفوة', 'خلافاَ للإعتقاد السائد فإن لوريم إيبسوم ليس نصاَ عشوائياً، بل إن له جذور في الأدب اللاتيني الكلاسيكي منذ العام 45 قبل الميلاد، مما يجعله أكثر من 2000 عام في القدم. قام البروفيسور \"ريتشارد ماك لينتوك\" (Richard McClintock) وهو بروفيسور اللغة اللاتينية في جامعة هامبدن-سيدني في فيرجينيا بالبحث عن أصول كلمة لاتينية غامضة في نص لوريم إيبسوم وهي \"consectetur\"، وخلال تتبعه لهذه الكلمة في الأدب اللاتيني اكتشف المصدر الغير قابل للشك. فلقد اتضح أن كلمات نص لوريم إيبسوم تأتي من الأقسام 1.10.32 و 1.10.33 من كتاب \"حول أقاصي الخير والشر\" (de Finibus Bonorum et Malorum) للمفكر شيشيرون (Cicero) والذي كتبه في عام 45 قبل الميلاد. هذا الكتاب هو بمثابة مقالة علمية مطولة في نظرية الأخلاق، وكان له شعبية كبيرة في عصر النهضة. السطر الأول من لوريم إيبسوم \"Lorem ipsum dolor sit amet..\" يأتي من سطر في القسم 1.20.32 من هذا الكتاب.', 'uploads/authors/1597135627images (2).jpg', 4, '2020-08-11 06:47:07', '2020-08-11 06:47:07');

-- --------------------------------------------------------

--
-- Table structure for table `book_library`
--

CREATE TABLE `book_library` (
  `id` bigint(20) UNSIGNED NOT NULL,
  `book_id` bigint(20) UNSIGNED NOT NULL,
  `library_id` bigint(20) UNSIGNED NOT NULL,
  `created_at` timestamp NULL DEFAULT NULL,
  `updated_at` timestamp NULL DEFAULT NULL
) ENGINE=InnoDB DEFAULT CHARSET=utf8mb4 COLLATE=utf8mb4_unicode_ci;

--
-- Dumping data for table `book_library`
--

INSERT INTO `book_library` (`id`, `book_id`, `library_id`, `created_at`, `updated_at`) VALUES
(1, 1, 1, '2020-07-27 14:04:07', '2020-07-27 14:04:07'),
(2, 2, 3, '2020-07-27 14:04:48', '2020-07-27 14:04:48'),
(3, 3, 2, '2020-07-27 14:06:18', '2020-07-27 14:06:18'),
(4, 4, 3, '2020-07-28 14:07:13', '2020-07-28 14:07:13'),
(5, 5, 1, '2020-08-07 04:34:39', '2020-08-07 04:34:39'),
(6, 6, 2, '2020-08-07 04:35:12', '2020-08-07 04:35:12'),
(7, 7, 3, '2020-08-11 05:59:15', '2020-08-11 05:59:15'),
(8, 8, 2, '2020-08-11 05:59:45', '2020-08-11 05:59:45'),
(9, 9, 1, '2020-08-11 06:46:16', '2020-08-11 06:46:16'),
(10, 10, 3, '2020-08-11 06:47:07', '2020-08-11 06:47:07'),
(11, 1, 1, '2020-11-10 13:59:39', '2020-11-10 13:59:39'),
(12, 1, 1, '2020-11-10 13:59:48', '2020-11-10 13:59:48');

-- --------------------------------------------------------

--
-- Table structure for table `libraries`
--

CREATE TABLE `libraries` (
  `id` bigint(20) UNSIGNED NOT NULL,
  `name` varchar(100) COLLATE utf8mb4_unicode_ci NOT NULL,
  `directions` text COLLATE utf8mb4_unicode_ci NOT NULL,
  `created_at` timestamp NULL DEFAULT NULL,
  `updated_at` timestamp NULL DEFAULT NULL
) ENGINE=InnoDB DEFAULT CHARSET=utf8mb4 COLLATE=utf8mb4_unicode_ci;

--
-- Dumping data for table `libraries`
--

INSERT INTO `libraries` (`id`, `name`, `directions`, `created_at`, `updated_at`) VALUES
(1, 'الصفوة', 'هناك حقيقة مثبتة منذ زمن طويل وهي أن المحتوى المقروء لصفحة ما سيلهي القارئ عن التركيز على الشكل الخارجي للنص أو شكل توضع الفقرات في الصفحة التي يقرأها. ولذلك يتم استخدام طريقة لوريم إيبسوم لأنها تعطي توزيعاَ طبيعياَ -إلى حد ما- للأحرف عوضاً عن استخدام \"هنا يوجد محتوى نصي، هنا يوجد محتوى نصي\" فتجعلها تبدو (أي الأحرف) وكأنها نص مقروء. العديد من برامح النشر المكتبي وبرامح تحرير صفحات الويب تستخدم لوريم إيبسوم بشكل إفتراضي كنموذج عن النص، وإذا قمت بإدخال \"lorem ipsum\" في أي محرك بحث ستظهر العديد من المواقع الحديثة العهد في نتائج البحث. على مدى السنين ظهرت نسخ جديدة ومختلفة من نص لوريم إيبسوم، أحياناً عن طريق الصدفة، وأحياناً عن عمد كإدخال بعض العبارات الفكاهية إليها.', '2020-07-27 14:03:07', '2020-07-27 14:03:07'),
(2, 'الامل', 'هناك حقيقة مثبتة منذ زمن طويل وهي أن المحتوى المقروء لصفحة ما سيلهي القارئ عن التركيز على الشكل الخارجي للنص أو شكل توضع الفقرات في الصفحة التي يقرأها. ولذلك يتم استخدام طريقة لوريم إيبسوم لأنها تعطي توزيعاَ طبيعياَ -إلى حد ما- للأحرف عوضاً عن استخدام \"هنا يوجد محتوى نصي، هنا يوجد محتوى نصي\" فتجعلها تبدو (أي الأحرف) وكأنها نص مقروء. العديد من برامح النشر المكتبي وبرامح تحرير صفحات الويب تستخدم لوريم إيبسوم بشكل إفتراضي كنموذج عن النص، وإذا قمت بإدخال \"lorem ipsum\" في أي محرك بحث ستظهر العديد من المواقع الحديثة العهد في نتائج البحث. على مدى السنين ظهرت نسخ جديدة ومختلفة من نص لوريم إيبسوم، أحياناً عن طريق الصدفة، وأحياناً عن عمد كإدخال بعض العبارات الفكاهية إليها.', '2020-07-27 14:03:18', '2020-07-27 14:03:18'),
(3, 'المكتبة العامة بالجيزة', 'هناك حقيقة مثبتة منذ زمن طويل وهي أن المحتوى المقروء لصفحة ما سيلهي القارئ عن التركيز على الشكل الخارجي للنص أو شكل توضع الفقرات في الصفحة التي يقرأها. ولذلك يتم استخدام طريقة لوريم إيبسوم لأنها تعطي توزيعاَ طبيعياَ -إلى حد ما- للأحرف عوضاً عن استخدام \"هنا يوجد محتوى نصي، هنا يوجد محتوى نصي\" فتجعلها تبدو (أي الأحرف) وكأنها نص مقروء. العديد من برامح النشر المكتبي وبرامح تحرير صفحات الويب تستخدم لوريم إيبسوم بشكل إفتراضي كنموذج عن النص، وإذا قمت بإدخال \"lorem ipsum\" في أي محرك بحث ستظهر العديد من المواقع الحديثة العهد في نتائج البحث. على مدى السنين ظهرت نسخ جديدة ومختلفة من نص لوريم إيبسوم، أحياناً عن طريق الصدفة، وأحياناً عن عمد كإدخال بعض العبارات الفكاهية إليها.', '2020-07-27 14:03:42', '2020-07-27 14:03:42'),
(4, 'السلام', 'هناك حقيقة مثبتة منذ زمن طويل وهي أن المحتوى المقروء لصفحة ما سيلهي القارئ عن التركيز على الشكل الخارجي للنص أو شكل توضع الفقرات في الصفحة التي يقرأها. ولذلك يتم استخدام طريقة لوريم إيبسوم لأنها تعطي توزيعاَ طبيعياَ -إلى حد ما- للأحرف عوضاً عن استخدام \"هنا يوجد محتوى نصي، هنا يوجد محتوى نصي\" فتجعلها تبدو (أي الأحرف) وكأنها نص مقروء. العديد من برامح النشر المكتبي وبرامح تحرير صفحات الويب تستخدم لوريم إيبسوم بشكل إفتراضي كنموذج عن النص، وإذا قمت بإدخال \"lorem ipsum\" في أي محرك بحث ستظهر العديد من المواقع الحديثة العهد في نتائج البحث. على مدى السنين ظهرت نسخ جديدة ومختلفة من نص لوريم إيبسوم، أحياناً عن طريق الصدفة، وأحياناً عن عمد كإدخال بعض العبارات الفكاهية إليها.', '2020-11-10 13:36:27', '2020-11-10 13:36:27');

-- --------------------------------------------------------

--
-- Table structure for table `messages`
--

CREATE TABLE `messages` (
  `id` bigint(20) UNSIGNED NOT NULL,
  `name` varchar(100) COLLATE utf8mb4_unicode_ci NOT NULL,
  `email` varchar(100) COLLATE utf8mb4_unicode_ci NOT NULL,
  `message` text COLLATE utf8mb4_unicode_ci NOT NULL,
  `is_read` tinyint(1) NOT NULL DEFAULT 0,
  `created_at` timestamp NULL DEFAULT NULL,
  `updated_at` timestamp NULL DEFAULT NULL
) ENGINE=InnoDB DEFAULT CHARSET=utf8mb4 COLLATE=utf8mb4_unicode_ci;

--
-- Dumping data for table `messages`
--

INSERT INTO `messages` (`id`, `name`, `email`, `message`, `is_read`, `created_at`, `updated_at`) VALUES
(1, 'احمد السيد', 'ahmed@gmail.com', 'لوريم إيبسوم(Lorem Ipsum) هو ببساطة نص شكلي (بمعنى أن الغاية هي الشكل وليس المحتوى) ويُستخدم في صناعات المطابع ودور النشر. كان لوريم إيبسوم ولايزال المعيار للنص \r\nالشكلي منذ القرن الخامس عشر عندما قامت مطبعة مجهولة برص مجموعة من الأحرف بشكل عشوائي أخذتها من نص، لتكوّن كتيّب بمثابة دليل أو مرجع شكلي لهذه الأحرف.\r\n خمسة قرون من الزمن لم تقضي على هذا النص، بل انه حتى صار مستخدماً وبشكله الأصلي في الطباعة والتنضيد الإلكتروني. انتشر بشكل كبير في ستينيّات هذا القرن مع إصدار رقائق \"ليتراسيت\" \r\n(Letraset) البلاستيكية تحوي مقاطع من هذا النص، وعاد لينتشر مرة أخرى مؤخراَ مع ظهور برامج النشر الإلكتروني مثل \"ألدوس بايج مايكر\" (Aldus PageMaker) والتي حو\r\nت أيضاً على نسخ من نص لوريم إيبسوم.', 1, '2020-07-27 23:37:34', '2020-07-27 23:38:23'),
(2, 'mohamed el gamal', 'medo@yahoo.com', 'لوريم إيبسوم(Lorem Ipsum) هو ببساطة نص شكلي (بمعنى أن الغاية هي الشكل وليس المحتوى) ويُستخدم في صناعات المطابع ودور النشر. كان لوريم إيبسوم ولايزال المعيار للنص \r\nالشكلي منذ القرن الخامس عشر عندما قامت مطبعة مجهولة برص مجموعة من الأحرف بشكل عشوائي أخذتها من نص، لتكوّن كتيّب بمثابة دليل أو مرجع شكلي لهذه الأحرف.\r\n خمسة قرون من الزمن لم تقضي على هذا النص، بل انه حتى صار مستخدماً وبشكله الأصلي في الطباعة والتنضيد الإلكتروني. انتشر بشكل كبير في ستينيّات هذا القرن مع إصدار رقائق \"ليتراسيت\" \r\n(Letraset) البلاستيكية تحوي مقاطع من هذا النص، وعاد لينتشر مرة أخرى مؤخراَ مع ظهور برامج النشر الإلكتروني مثل \"ألدوس بايج مايكر\" (Aldus PageMaker) والتي حو\r\nت أيضاً على نسخ من نص لوريم إيبسوم.', 1, '2020-07-27 23:45:28', '2020-08-18 20:53:05'),
(3, 'على سعيد', 'ali@yahoo.com', 'لوريم إيبسوم(Lorem Ipsum) هو ببساطة نص شكلي (بمعنى أن الغاية هي الشكل وليس المحتوى) ويُستخدم في صناعات المطابع ودور النشر. كان لوريم إيبسوم ولايزال المعيار للنص \r\nالشكلي منذ القرن الخامس عشر عندما قامت مطبعة مجهولة برص مجموعة من الأحرف بشكل عشوائي أخذتها من نص، لتكوّن كتيّب بمثابة دليل أو مرجع شكلي لهذه الأحرف.\r\n خمسة قرون من الزمن لم تقضي على هذا النص، بل انه حتى صار مستخدماً وبشكله الأصلي في الطباعة والتنضيد الإلكتروني. انتشر بشكل كبير في ستينيّات هذا القرن مع إصدار رقائق \"ليتراسيت\" \r\n(Letraset) البلاستيكية تحوي مقاطع من هذا النص، وعاد لينتشر مرة أخرى مؤخراَ مع ظهور برامج النشر الإلكتروني مثل \"ألدوس بايج مايكر\" (Aldus PageMaker) والتي حو\r\nت أيضاً على نسخ من نص لوريم إيبسوم.', 0, '2020-07-28 14:16:56', '2020-07-28 14:16:56'),
(4, 'محمد محسن', 'medo@gmail.com', 'لوريم إيبسوم(Lorem Ipsum) هو ببساطة نص شكلي (بمعنى أن الغاية هي الشكل وليس المحتوى) ويُستخدم في صناعات المطابع ودور النشر. كان لوريم إيبسوم ولايزال المعيار للنص \r\nالشكلي منذ القرن الخامس عشر عندما قامت مطبعة مجهولة برص مجموعة من الأحرف بشكل عشوائي أخذتها من نص، لتكوّن كتيّب بمثابة دليل أو مرجع شكلي لهذه الأحرف.\r\n خمسة قرون من الزمن لم تقضي على هذا النص، بل انه حتى صار مستخدماً وبشكله الأصلي في الطباعة والتنضيد الإلكتروني. انتشر بشكل كبير في ستينيّات هذا القرن مع إصدار رقائق \"ليتراسيت\" \r\n(Letraset) البلاستيكية تحوي مقاطع من هذا النص، وعاد لينتشر مرة أخرى مؤخراَ مع ظهور برامج النشر الإلكتروني مثل \"ألدوس بايج مايكر\" (Aldus PageMaker) والتي حو\r\nت أيضاً على نسخ من نص لوريم إيبسوم.', 0, '2020-07-28 14:17:14', '2020-07-28 14:17:14');

-- --------------------------------------------------------

--
-- Table structure for table `migrations`
--

CREATE TABLE `migrations` (
  `id` int(10) UNSIGNED NOT NULL,
  `migration` varchar(255) COLLATE utf8mb4_unicode_ci NOT NULL,
  `batch` int(11) NOT NULL
) ENGINE=InnoDB DEFAULT CHARSET=utf8mb4 COLLATE=utf8mb4_unicode_ci;

--
-- Dumping data for table `migrations`
--

INSERT INTO `migrations` (`id`, `migration`, `batch`) VALUES
(7, '2020_03_02_130009_create_users_table', 1),
(8, '2020_03_02_130028_create_messages_table', 1),
(9, '2020_03_02_130109_create_libraries_table', 1),
(10, '2020_03_02_130203_create_authors_table', 1),
(11, '2020_03_02_130235_create_books_table', 1);

-- --------------------------------------------------------

--
-- Table structure for table `users`
--

CREATE TABLE `users` (
  `id` bigint(20) UNSIGNED NOT NULL,
  `email` varchar(100) COLLATE utf8mb4_unicode_ci NOT NULL,
  `password` varchar(100) COLLATE utf8mb4_unicode_ci NOT NULL,
  `isAdmin` varchar(255) COLLATE utf8mb4_unicode_ci NOT NULL DEFAULT '0',
  `accesstoken` varchar(255) COLLATE utf8mb4_unicode_ci DEFAULT NULL,
  `socialtoken` varchar(255) COLLATE utf8mb4_unicode_ci DEFAULT NULL,
  `created_at` timestamp NULL DEFAULT NULL,
  `updated_at` timestamp NULL DEFAULT NULL
) ENGINE=InnoDB DEFAULT CHARSET=utf8mb4 COLLATE=utf8mb4_unicode_ci;

--
-- Dumping data for table `users`
--

INSERT INTO `users` (`id`, `email`, `password`, `isAdmin`, `accesstoken`, `socialtoken`, `created_at`, `updated_at`) VALUES
(1, 'ihhegazy5@gmail.com', '$2y$10$9drzUz23.4sHHtfKmcU55OHVgNR3ItI.W9kBsBtN17f6f/Cn6XIUa', '1', 'EAABZCG1jODQABAJPmBaGjU6vLm3ErIgZBbFVnM6aS7YKj5DPRkZBkC3fXNZCf8kCZCVjZB2ShhZAImXcSCxTTW6dfdokvacuRDG8TRa92cGEm2mgZAhxESSQ6R9qNB267aZBbMSxMyZB7Mi6WAItnMjZBrioiZAlKfYAg3Kg5PwPNQByPgZDZD', NULL, '2020-07-27 13:55:22', '2020-07-27 13:55:22'),
(2, 'ali@yahoo.com', '$2y$10$CpReZkTsdjDT5ARrwduNUu52XOI/rVkHaYofNrQXld8P4ww7861Xa', '1', NULL, NULL, '2020-07-27 13:58:53', '2020-07-27 13:58:53');

--
-- Indexes for dumped tables
--

--
-- Indexes for table `authors`
--
ALTER TABLE `authors`
  ADD PRIMARY KEY (`id`);

--
-- Indexes for table `books`
--
ALTER TABLE `books`
  ADD PRIMARY KEY (`id`),
  ADD KEY `books_author_id_foreign` (`author_id`);

--
-- Indexes for table `book_library`
--
ALTER TABLE `book_library`
  ADD PRIMARY KEY (`id`),
  ADD KEY `book_library_book_id_foreign` (`book_id`),
  ADD KEY `book_library_library_id_foreign` (`library_id`);

--
-- Indexes for table `libraries`
--
ALTER TABLE `libraries`
  ADD PRIMARY KEY (`id`);

--
-- Indexes for table `messages`
--
ALTER TABLE `messages`
  ADD PRIMARY KEY (`id`);

--
-- Indexes for table `migrations`
--
ALTER TABLE `migrations`
  ADD PRIMARY KEY (`id`);

--
-- Indexes for table `users`
--
ALTER TABLE `users`
  ADD PRIMARY KEY (`id`);

--
-- AUTO_INCREMENT for dumped tables
--

--
-- AUTO_INCREMENT for table `authors`
--
ALTER TABLE `authors`
  MODIFY `id` bigint(20) UNSIGNED NOT NULL AUTO_INCREMENT, AUTO_INCREMENT=7;

--
-- AUTO_INCREMENT for table `books`
--
ALTER TABLE `books`
  MODIFY `id` bigint(20) UNSIGNED NOT NULL AUTO_INCREMENT, AUTO_INCREMENT=11;

--
-- AUTO_INCREMENT for table `book_library`
--
ALTER TABLE `book_library`
  MODIFY `id` bigint(20) UNSIGNED NOT NULL AUTO_INCREMENT, AUTO_INCREMENT=13;

--
-- AUTO_INCREMENT for table `libraries`
--
ALTER TABLE `libraries`
  MODIFY `id` bigint(20) UNSIGNED NOT NULL AUTO_INCREMENT, AUTO_INCREMENT=5;

--
-- AUTO_INCREMENT for table `messages`
--
ALTER TABLE `messages`
  MODIFY `id` bigint(20) UNSIGNED NOT NULL AUTO_INCREMENT, AUTO_INCREMENT=6;

--
-- AUTO_INCREMENT for table `migrations`
--
ALTER TABLE `migrations`
  MODIFY `id` int(10) UNSIGNED NOT NULL AUTO_INCREMENT, AUTO_INCREMENT=13;

--
-- AUTO_INCREMENT for table `users`
--
ALTER TABLE `users`
  MODIFY `id` bigint(20) UNSIGNED NOT NULL AUTO_INCREMENT, AUTO_INCREMENT=3;

--
-- Constraints for dumped tables
--

--
-- Constraints for table `books`
--
ALTER TABLE `books`
  ADD CONSTRAINT `books_author_id_foreign` FOREIGN KEY (`author_id`) REFERENCES `authors` (`id`);

--
-- Constraints for table `book_library`
--
ALTER TABLE `book_library`
  ADD CONSTRAINT `book_library_book_id_foreign` FOREIGN KEY (`book_id`) REFERENCES `books` (`id`),
  ADD CONSTRAINT `book_library_library_id_foreign` FOREIGN KEY (`library_id`) REFERENCES `libraries` (`id`);
COMMIT;

/*!40101 SET CHARACTER_SET_CLIENT=@OLD_CHARACTER_SET_CLIENT */;
/*!40101 SET CHARACTER_SET_RESULTS=@OLD_CHARACTER_SET_RESULTS */;
/*!40101 SET COLLATION_CONNECTION=@OLD_COLLATION_CONNECTION */;
